<?xml version="1.0" encoding="UTF-8"?>
<project-private xmlns="http://www.netbeans.org/ns/project-private/1">
    <editor-bookmarks xmlns="http://www.netbeans.org/ns/editor-bookmarks/2" lastBookmarkId="1">
        <file>
            <url>app/Http/Controllers/HomeController.php</url>
            <bookmark id="1">
                <name/>
                <line>13</line>
                <key/>
            </bookmark>
        </file>
    </editor-bookmarks>
    <open-files xmlns="http://www.netbeans.org/ns/projectui-open-files/2">
        <group>
            <file>file:/C:/OpenServer/domains/tehno/app/Http/Controllers/AdminController.php</file>
            <file>file:/C:/OpenServer/domains/tehno/app/Http/Controllers/UploadController.php</file>
            <file>file:/C:/OpenServer/domains/tehno/routes/web.php</file>
        </group>
    </open-files>
</project-private>
